combo,train_langs,system,metric,language,value
en,English,E_joint,joint_f1,English,0.8063
en,English,E_joint,joint_f1,Spanish,0.7243
en,English,E_joint,joint_f1,Hindi,0.6591
en,English,E_joint,joint_f1,Telugu,0.6649
en,English,E_joint,joint_f1,Overall,0.7461
en,English,E_joint,joint_f1_macro_avg,Overall,0.7137
en,English,E_joint,classification_macro_f1,English,0.8182
en,English,E_joint,classification_macro_f1,Hindi,0.7199
en,English,E_joint,classification_macro_f1,Spanish,0.7552
en,English,E_joint,classification_macro_f1,Telugu,0.6795
en,English,E_joint,classification_macro_f1,Overall,0.7709
en,English,E_joint,e2e_span_overlap_f1,English,0.7302
en,English,E_joint,e2e_span_overlap_f1,Hindi,0.4402
en,English,E_joint,e2e_span_overlap_f1,Spanish,0.6946
en,English,E_joint,e2e_span_overlap_f1,Telugu,0.6346
en,English,E_joint,e2e_span_overlap_f1,Overall,0.6781
en,English,E_joint,joint_accuracy,Overall,0.6054
en,English,F_sequential,joint_f1,English,0.8004
en,English,F_sequential,joint_f1,Spanish,0.6744
en,English,F_sequential,joint_f1,Hindi,0.6503
en,English,F_sequential,joint_f1,Telugu,0.7409
en,English,F_sequential,joint_f1,Overall,0.7312
en,English,F_sequential,joint_f1_macro_avg,Overall,0.7165
en,English,F_sequential,classification_macro_f1,English,0.8128
en,English,F_sequential,classification_macro_f1,Hindi,0.687
en,English,F_sequential,classification_macro_f1,Spanish,0.6924
en,English,F_sequential,classification_macro_f1,Telugu,0.7565
en,English,F_sequential,classification_macro_f1,Overall,0.7483
en,English,F_sequential,e2e_span_overlap_f1,English,0.6402
en,English,F_sequential,e2e_span_overlap_f1,Hindi,0.2827
en,English,F_sequential,e2e_span_overlap_f1,Spanish,0.4589
en,English,F_sequential,e2e_span_overlap_f1,Telugu,0.5637
en,English,F_sequential,e2e_span_overlap_f1,Overall,0.5248
en,English,F_sequential,joint_accuracy,Overall,0.6038
en,English,G_bio,joint_f1,English,0.4696
en,English,G_bio,joint_f1,Spanish,0.4478
en,English,G_bio,joint_f1,Hindi,0.4464
en,English,G_bio,joint_f1,Telugu,0.4464
en,English,G_bio,joint_f1,Overall,0.4565
en,English,G_bio,e2e_span_overlap_f1,English,0.808
en,English,G_bio,e2e_span_overlap_f1,Hindi,0.573
en,English,G_bio,e2e_span_overlap_f1,Spanish,0.6966
en,English,G_bio,e2e_span_overlap_f1,Telugu,0.2673
en,English,G_bio,e2e_span_overlap_f1,Overall,0.6871
en,English,G_bio,joint_accuracy,Overall,0.2853
es,Spanish,A_pipeline,joint_f1,English,0.7707
es,Spanish,A_pipeline,joint_f1,Spanish,0.7283
es,Spanish,A_pipeline,joint_f1,Hindi,0.6774
es,Spanish,A_pipeline,joint_f1,Telugu,0.6601
es,Spanish,A_pipeline,joint_f1,Overall,0.7353
es,Spanish,A_pipeline,joint_f1_macro_avg,Overall,0.7091
es,Spanish,A_pipeline,classification_macro_f1,English,0.7826
es,Spanish,A_pipeline,classification_macro_f1,Hindi,0.7565
es,Spanish,A_pipeline,classification_macro_f1,Spanish,0.7323
es,Spanish,A_pipeline,classification_macro_f1,Telugu,0.6745
es,Spanish,A_pipeline,classification_macro_f1,Overall,0.751
es,Spanish,A_pipeline,e2e_span_overlap_f1,English,0.6558
es,Spanish,A_pipeline,e2e_span_overlap_f1,Hindi,0.4484
es,Spanish,A_pipeline,e2e_span_overlap_f1,Spanish,0.6594
es,Spanish,A_pipeline,e2e_span_overlap_f1,Telugu,0.6155
es,Spanish,A_pipeline,e2e_span_overlap_f1,Overall,0.6329
es,Spanish,A_pipeline,joint_accuracy,Overall,0.5848
es,Spanish,E_joint,joint_f1,English,0.7549
es,Spanish,E_joint,joint_f1,Spanish,0.7282
es,Spanish,E_joint,joint_f1,Hindi,0.6437
es,Spanish,E_joint,joint_f1,Telugu,0.6761
es,Spanish,E_joint,joint_f1,Overall,0.7258
es,Spanish,E_joint,joint_f1_macro_avg,Overall,0.7007
es,Spanish,E_joint,classification_macro_f1,English,0.7746
es,Spanish,E_joint,classification_macro_f1,Hindi,0.6605
es,Spanish,E_joint,classification_macro_f1,Spanish,0.7438
es,Spanish,E_joint,classification_macro_f1,Telugu,0.7223
es,Spanish,E_joint,classification_macro_f1,Overall,0.7462
es,Spanish,E_joint,e2e_span_overlap_f1,English,0.6688
es,Spanish,E_joint,e2e_span_overlap_f1,Hindi,0.3741
es,Spanish,E_joint,e2e_span_overlap_f1,Spanish,0.6955
es,Spanish,E_joint,e2e_span_overlap_f1,Telugu,0.5686
es,Spanish,E_joint,e2e_span_overlap_f1,Overall,0.6408
es,Spanish,E_joint,joint_accuracy,Overall,0.5927
es,Spanish,F_sequential,joint_f1,English,0.7628
es,Spanish,F_sequential,joint_f1,Spanish,0.732
es,Spanish,F_sequential,joint_f1,Hindi,0.5958
es,Spanish,F_sequential,joint_f1,Telugu,0.7019
es,Spanish,F_sequential,joint_f1,Overall,0.7287
es,Spanish,F_sequential,joint_f1_macro_avg,Overall,0.6981
es,Spanish,F_sequential,classification_macro_f1,English,0.7864
es,Spanish,F_sequential,classification_macro_f1,Hindi,0.6569
es,Spanish,F_sequential,classification_macro_f1,Spanish,0.7475
es,Spanish,F_sequential,classification_macro_f1,Telugu,0.7169
es,Spanish,F_sequential,classification_macro_f1,Overall,0.7519
es,Spanish,F_sequential,e2e_span_overlap_f1,English,0.6424
es,Spanish,F_sequential,e2e_span_overlap_f1,Hindi,0.447
es,Spanish,F_sequential,e2e_span_overlap_f1,Spanish,0.6946
es,Spanish,F_sequential,e2e_span_overlap_f1,Telugu,0.5942
es,Spanish,F_sequential,e2e_span_overlap_f1,Overall,0.6395
es,Spanish,F_sequential,joint_accuracy,Overall,0.5594
es,Spanish,G_bio,joint_f1,English,0.45
es,Spanish,G_bio,joint_f1,Spanish,0.4549
es,Spanish,G_bio,joint_f1,Hindi,0.4414
es,Spanish,G_bio,joint_f1,Telugu,0.4464
es,Spanish,G_bio,joint_f1,Overall,0.4508
es,Spanish,G_bio,e2e_span_overlap_f1,English,0.7182
es,Spanish,G_bio,e2e_span_overlap_f1,Hindi,0.5759
es,Spanish,G_bio,e2e_span_overlap_f1,Spanish,0.7585
es,Spanish,G_bio,e2e_span_overlap_f1,Telugu,0.2564
es,Spanish,G_bio,e2e_span_overlap_f1,Overall,0.6751
es,Spanish,G_bio,joint_accuracy,Overall,0.2583
hi,Hindi,A_pipeline,joint_f1,English,0.6917
hi,Hindi,A_pipeline,joint_f1,Spanish,0.6298
hi,Hindi,A_pipeline,joint_f1,Hindi,0.7409
hi,Hindi,A_pipeline,joint_f1,Telugu,0.758
hi,Hindi,A_pipeline,joint_f1,Overall,0.6846
hi,Hindi,A_pipeline,joint_f1_macro_avg,Overall,0.7051
hi,Hindi,A_pipeline,classification_macro_f1,English,0.7577
hi,Hindi,A_pipeline,classification_macro_f1,Hindi,0.7575
hi,Hindi,A_pipeline,classification_macro_f1,Indonesian,0.769
hi,Hindi,A_pipeline,classification_macro_f1,Spanish,0.7189
hi,Hindi,A_pipeline,classification_macro_f1,Telugu,0.774
hi,Hindi,A_pipeline,classification_macro_f1,Overall,0.753
hi,Hindi,A_pipeline,e2e_span_overlap_f1,English,0.5073
hi,Hindi,A_pipeline,e2e_span_overlap_f1,Hindi,0.5906
hi,Hindi,A_pipeline,e2e_span_overlap_f1,Indonesian,0.4826
hi,Hindi,A_pipeline,e2e_span_overlap_f1,Spanish,0.3965
hi,Hindi,A_pipeline,e2e_span_overlap_f1,Telugu,0.6547
hi,Hindi,A_pipeline,e2e_span_overlap_f1,Overall,0.4845
hi,Hindi,A_pipeline,joint_accuracy,Overall,0.4927
hi,Hindi,E_joint,joint_f1,English,0.5009
hi,Hindi,E_joint,joint_f1,Spanish,0.4402
hi,Hindi,E_joint,joint_f1,Hindi,0.5916
hi,Hindi,E_joint,joint_f1,Telugu,0.724
hi,Hindi,E_joint,joint_f1,Overall,0.5331
hi,Hindi,E_joint,joint_f1_macro_avg,Overall,0.5642
hi,Hindi,E_joint,classification_macro_f1,English,0.5407
hi,Hindi,E_joint,classification_macro_f1,Hindi,0.6266
hi,Hindi,E_joint,classification_macro_f1,Indonesian,0.6044
hi,Hindi,E_joint,classification_macro_f1,Spanish,0.4881
hi,Hindi,E_joint,classification_macro_f1,Telugu,0.7575
hi,Hindi,E_joint,classification_macro_f1,Overall,0.5731
hi,Hindi,E_joint,e2e_span_overlap_f1,English,0.1957
hi,Hindi,E_joint,e2e_span_overlap_f1,Hindi,0.4488
hi,Hindi,E_joint,e2e_span_overlap_f1,Indonesian,0.342
hi,Hindi,E_joint,e2e_span_overlap_f1,Spanish,0.1659
hi,Hindi,E_joint,e2e_span_overlap_f1,Telugu,0.5789
hi,Hindi,E_joint,e2e_span_overlap_f1,Overall,0.2777
hi,Hindi,E_joint,joint_accuracy,Overall,0.4738
hi,Hindi,F_sequential,joint_f1,English,0.6445
hi,Hindi,F_sequential,joint_f1,Spanish,0.6092
hi,Hindi,F_sequential,joint_f1,Hindi,0.6935
hi,Hindi,F_sequential,joint_f1,Telugu,0.7199
hi,Hindi,F_sequential,joint_f1,Overall,0.6439
hi,Hindi,F_sequential,joint_f1_macro_avg,Overall,0.6668
hi,Hindi,F_sequential,classification_macro_f1,English,0.6788
hi,Hindi,F_sequential,classification_macro_f1,Hindi,0.7252
hi,Hindi,F_sequential,classification_macro_f1,Indonesian,0.7036
hi,Hindi,F_sequential,classification_macro_f1,Spanish,0.6676
hi,Hindi,F_sequential,classification_macro_f1,Telugu,0.735
hi,Hindi,F_sequential,classification_macro_f1,Overall,0.6942
hi,Hindi,F_sequential,e2e_span_overlap_f1,English,0.3094
hi,Hindi,F_sequential,e2e_span_overlap_f1,Hindi,0.6572
hi,Hindi,F_sequential,e2e_span_overlap_f1,Indonesian,0.3705
hi,Hindi,F_sequential,e2e_span_overlap_f1,Spanish,0.289
hi,Hindi,F_sequential,e2e_span_overlap_f1,Telugu,0.7088
hi,Hindi,F_sequential,e2e_span_overlap_f1,Overall,0.3732
hi,Hindi,F_sequential,joint_accuracy,Overall,0.5167
hi,Hindi,G_bio,joint_f1,English,0.3446
hi,Hindi,G_bio,joint_f1,Spanish,0.365
hi,Hindi,G_bio,joint_f1,Hindi,0.4464
hi,Hindi,G_bio,joint_f1,Telugu,0.4414
hi,Hindi,G_bio,joint_f1,Overall,0.3816
hi,Hindi,G_bio,e2e_span_overlap_f1,English,0.3827
hi,Hindi,G_bio,e2e_span_overlap_f1,Hindi,0.655
hi,Hindi,G_bio,e2e_span_overlap_f1,Indonesian,0.4694
hi,Hindi,G_bio,e2e_span_overlap_f1,Spanish,0.3474
hi,Hindi,G_bio,e2e_span_overlap_f1,Telugu,0.4098
hi,Hindi,G_bio,e2e_span_overlap_f1,Overall,0.4214
hi,Hindi,G_bio,joint_accuracy,Overall,0.0921
te,Telugu,A_pipeline,joint_f1,English,0.6669
te,Telugu,A_pipeline,joint_f1,Spanish,0.5943
te,Telugu,A_pipeline,joint_f1,Hindi,0.6063
te,Telugu,A_pipeline,joint_f1,Telugu,0.758
te,Telugu,A_pipeline,joint_f1,Overall,0.6639
te,Telugu,A_pipeline,joint_f1_macro_avg,Overall,0.6564
te,Telugu,A_pipeline,classification_macro_f1,English,0.7533
te,Telugu,A_pipeline,classification_macro_f1,Hindi,0.6591
te,Telugu,A_pipeline,classification_macro_f1,Indonesian,0.7767
te,Telugu,A_pipeline,classification_macro_f1,Spanish,0.7151
te,Telugu,A_pipeline,classification_macro_f1,Telugu,0.758
te,Telugu,A_pipeline,classification_macro_f1,Overall,0.7462
te,Telugu,A_pipeline,e2e_span_overlap_f1,English,0.3123
te,Telugu,A_pipeline,e2e_span_overlap_f1,Hindi,0.326
te,Telugu,A_pipeline,e2e_span_overlap_f1,Indonesian,0.4088
te,Telugu,A_pipeline,e2e_span_overlap_f1,Spanish,0.2199
te,Telugu,A_pipeline,e2e_span_overlap_f1,Telugu,0.7332
te,Telugu,A_pipeline,e2e_span_overlap_f1,Overall,0.3477
te,Telugu,A_pipeline,joint_accuracy,Overall,0.5241
te,Telugu,E_joint,joint_f1,English,0.5453
te,Telugu,E_joint,joint_f1,Spanish,0.4869
te,Telugu,E_joint,joint_f1,Hindi,0.5407
te,Telugu,E_joint,joint_f1,Telugu,0.7252
te,Telugu,E_joint,joint_f1,Overall,0.5417
te,Telugu,E_joint,joint_f1_macro_avg,Overall,0.5745
te,Telugu,E_joint,classification_macro_f1,English,0.5846
te,Telugu,E_joint,classification_macro_f1,Hindi,0.5694
te,Telugu,E_joint,classification_macro_f1,Indonesian,0.595
te,Telugu,E_joint,classification_macro_f1,Spanish,0.5652
te,Telugu,E_joint,classification_macro_f1,Telugu,0.7252
te,Telugu,E_joint,classification_macro_f1,Overall,0.5993
te,Telugu,E_joint,e2e_span_overlap_f1,English,0.2398
te,Telugu,E_joint,e2e_span_overlap_f1,Hindi,0.4796
te,Telugu,E_joint,e2e_span_overlap_f1,Indonesian,0.4555
te,Telugu,E_joint,e2e_span_overlap_f1,Spanish,0.2279
te,Telugu,E_joint,e2e_span_overlap_f1,Telugu,0.6114
te,Telugu,E_joint,e2e_span_overlap_f1,Overall,0.3478
te,Telugu,E_joint,joint_accuracy,Overall,0.3944
te,Telugu,F_sequential,joint_f1,English,0.4828
te,Telugu,F_sequential,joint_f1,Spanish,0.4806
te,Telugu,F_sequential,joint_f1,Hindi,0.5171
te,Telugu,F_sequential,joint_f1,Telugu,0.7732
te,Telugu,F_sequential,joint_f1,Overall,0.5541
te,Telugu,F_sequential,joint_f1_macro_avg,Overall,0.5634
te,Telugu,F_sequential,classification_macro_f1,English,0.5339
te,Telugu,F_sequential,classification_macro_f1,Hindi,0.5551
te,Telugu,F_sequential,classification_macro_f1,Indonesian,0.6923
te,Telugu,F_sequential,classification_macro_f1,Spanish,0.5455
te,Telugu,F_sequential,classification_macro_f1,Telugu,0.7732
te,Telugu,F_sequential,classification_macro_f1,Overall,0.6146
te,Telugu,F_sequential,e2e_span_overlap_f1,English,0.0976
te,Telugu,F_sequential,e2e_span_overlap_f1,Hindi,0.3055
te,Telugu,F_sequential,e2e_span_overlap_f1,Indonesian,0.2909
te,Telugu,F_sequential,e2e_span_overlap_f1,Spanish,0.1253
te,Telugu,F_sequential,e2e_span_overlap_f1,Telugu,0.6834
te,Telugu,F_sequential,e2e_span_overlap_f1,Overall,0.2209
te,Telugu,F_sequential,joint_accuracy,Overall,0.5115
te,Telugu,G_bio,joint_f1,English,0.1994
te,Telugu,G_bio,joint_f1,Spanish,0.2395
te,Telugu,G_bio,joint_f1,Hindi,0.3981
te,Telugu,G_bio,joint_f1,Telugu,0.479
te,Telugu,G_bio,joint_f1,Overall,0.3082
te,Telugu,G_bio,e2e_span_overlap_f1,English,0.1467
te,Telugu,G_bio,e2e_span_overlap_f1,Hindi,0.4036
te,Telugu,G_bio,e2e_span_overlap_f1,Indonesian,0.4053
te,Telugu,G_bio,e2e_span_overlap_f1,Spanish,0.1459
te,Telugu,G_bio,e2e_span_overlap_f1,Telugu,0.2717
te,Telugu,G_bio,e2e_span_overlap_f1,Overall,0.2567
te,Telugu,G_bio,joint_accuracy,Overall,0.0418
en_es,English+Spanish,A_pipeline,joint_f1,English,0.8024
en_es,English+Spanish,A_pipeline,joint_f1,Spanish,0.7434
en_es,English+Spanish,A_pipeline,joint_f1,Hindi,0.6915
en_es,English+Spanish,A_pipeline,joint_f1,Telugu,0.6198
en_es,English+Spanish,A_pipeline,joint_f1,Overall,0.7334
en_es,English+Spanish,A_pipeline,joint_f1_macro_avg,Overall,0.7143
en_es,English+Spanish,A_pipeline,classification_macro_f1,English,0.8103
en_es,English+Spanish,A_pipeline,classification_macro_f1,Hindi,0.7529
en_es,English+Spanish,A_pipeline,classification_macro_f1,Indonesian,0.7557
en_es,English+Spanish,A_pipeline,classification_macro_f1,Spanish,0.7511
en_es,English+Spanish,A_pipeline,classification_macro_f1,Telugu,0.6477
en_es,English+Spanish,A_pipeline,classification_macro_f1,Overall,0.7638
en_es,English+Spanish,A_pipeline,e2e_span_overlap_f1,English,0.7415
en_es,English+Spanish,A_pipeline,e2e_span_overlap_f1,Hindi,0.5513
en_es,English+Spanish,A_pipeline,e2e_span_overlap_f1,Indonesian,0.6669
en_es,English+Spanish,A_pipeline,e2e_span_overlap_f1,Spanish,0.7549
en_es,English+Spanish,A_pipeline,e2e_span_overlap_f1,Telugu,0.6125
en_es,English+Spanish,A_pipeline,e2e_span_overlap_f1,Overall,0.6995
en_es,English+Spanish,A_pipeline,joint_accuracy,Overall,0.59
en_es,English+Spanish,E_joint,joint_f1,English,0.7781
en_es,English+Spanish,E_joint,joint_f1,Spanish,0.752
en_es,English+Spanish,E_joint,joint_f1,Hindi,0.6774
en_es,English+Spanish,E_joint,joint_f1,Telugu,0.6896
en_es,English+Spanish,E_joint,joint_f1,Overall,0.7436
en_es,English+Spanish,E_joint,joint_f1_macro_avg,Overall,0.7243
en_es,English+Spanish,E_joint,classification_macro_f1,English,0.7821
en_es,English+Spanish,E_joint,classification_macro_f1,Hindi,0.7252
en_es,English+Spanish,E_joint,classification_macro_f1,Indonesian,0.7815
en_es,English+Spanish,E_joint,classification_macro_f1,Spanish,0.7638
en_es,English+Spanish,E_joint,classification_macro_f1,Telugu,0.735
en_es,English+Spanish,E_joint,classification_macro_f1,Overall,0.7709
en_es,English+Spanish,E_joint,e2e_span_overlap_f1,English,0.6594
en_es,English+Spanish,E_joint,e2e_span_overlap_f1,Hindi,0.4537
en_es,English+Spanish,E_joint,e2e_span_overlap_f1,Indonesian,0.6229
en_es,English+Spanish,E_joint,e2e_span_overlap_f1,Spanish,0.6975
en_es,English+Spanish,E_joint,e2e_span_overlap_f1,Telugu,0.6032
en_es,English+Spanish,E_joint,e2e_span_overlap_f1,Overall,0.6404
en_es,English+Spanish,E_joint,joint_accuracy,Overall,0.614
en_es,English+Spanish,F_sequential,joint_f1,English,0.7825
en_es,English+Spanish,F_sequential,joint_f1,Spanish,0.7478
en_es,English+Spanish,F_sequential,joint_f1,Hindi,0.6113
en_es,English+Spanish,F_sequential,joint_f1,Telugu,0.6745
en_es,English+Spanish,F_sequential,joint_f1,Overall,0.7339
en_es,English+Spanish,F_sequential,joint_f1_macro_avg,Overall,0.704
en_es,English+Spanish,F_sequential,classification_macro_f1,English,0.7944
en_es,English+Spanish,F_sequential,classification_macro_f1,Hindi,0.687
en_es,English+Spanish,F_sequential,classification_macro_f1,Indonesian,0.7548
en_es,English+Spanish,F_sequential,classification_macro_f1,Spanish,0.7671
en_es,English+Spanish,F_sequential,classification_macro_f1,Telugu,0.689
en_es,English+Spanish,F_sequential,classification_macro_f1,Overall,0.7614
en_es,English+Spanish,F_sequential,e2e_span_overlap_f1,English,0.6927
en_es,English+Spanish,F_sequential,e2e_span_overlap_f1,Hindi,0.4365
en_es,English+Spanish,F_sequential,e2e_span_overlap_f1,Indonesian,0.6733
en_es,English+Spanish,F_sequential,e2e_span_overlap_f1,Spanish,0.7169
en_es,English+Spanish,F_sequential,e2e_span_overlap_f1,Telugu,0.687
en_es,English+Spanish,F_sequential,e2e_span_overlap_f1,Overall,0.6756
en_es,English+Spanish,F_sequential,joint_accuracy,Overall,0.5816
en_es,English+Spanish,G_bio,joint_f1,English,0.474
en_es,English+Spanish,G_bio,joint_f1,Spanish,0.4697
en_es,English+Spanish,G_bio,joint_f1,Hindi,0.4609
en_es,English+Spanish,G_bio,joint_f1,Telugu,0.4464
en_es,English+Spanish,G_bio,joint_f1,Overall,0.4587
en_es,English+Spanish,G_bio,e2e_span_overlap_f1,English,0.8168
en_es,English+Spanish,G_bio,e2e_span_overlap_f1,Hindi,0.563
en_es,English+Spanish,G_bio,e2e_span_overlap_f1,Indonesian,0.6169
en_es,English+Spanish,G_bio,e2e_span_overlap_f1,Spanish,0.8048
en_es,English+Spanish,G_bio,e2e_span_overlap_f1,Telugu,0.2942
en_es,English+Spanish,G_bio,e2e_span_overlap_f1,Overall,0.6967
en_es,English+Spanish,G_bio,joint_accuracy,Overall,0.2814
en_hi,English+Hindi,A_pipeline,joint_f1,English,0.7768
en_hi,English+Hindi,A_pipeline,joint_f1,Spanish,0.72
en_hi,English+Hindi,A_pipeline,joint_f1,Hindi,0.5989
en_hi,English+Hindi,A_pipeline,joint_f1,Telugu,0.6418
en_hi,English+Hindi,A_pipeline,joint_f1,Overall,0.7288
en_hi,English+Hindi,A_pipeline,joint_f1_macro_avg,Overall,0.6844
en_hi,English+Hindi,A_pipeline,classification_macro_f1,English,0.7892
en_hi,English+Hindi,A_pipeline,classification_macro_f1,Hindi,0.5989
en_hi,English+Hindi,A_pipeline,classification_macro_f1,Indonesian,0.7762
en_hi,English+Hindi,A_pipeline,classification_macro_f1,Spanish,0.7454
en_hi,English+Hindi,A_pipeline,classification_macro_f1,Telugu,0.6761
en_hi,English+Hindi,A_pipeline,classification_macro_f1,Overall,0.7546
en_hi,English+Hindi,A_pipeline,e2e_span_overlap_f1,English,0.6341
en_hi,English+Hindi,A_pipeline,e2e_span_overlap_f1,Hindi,0.3306
en_hi,English+Hindi,A_pipeline,e2e_span_overlap_f1,Indonesian,0.5165
en_hi,English+Hindi,A_pipeline,e2e_span_overlap_f1,Spanish,0.5603
en_hi,English+Hindi,A_pipeline,e2e_span_overlap_f1,Telugu,0.4729
en_hi,English+Hindi,A_pipeline,e2e_span_overlap_f1,Overall,0.5449
en_hi,English+Hindi,A_pipeline,joint_accuracy,Overall,0.6297
en_hi,English+Hindi,E_joint,joint_f1,English,0.8023
en_hi,English+Hindi,E_joint,joint_f1,Spanish,0.7357
en_hi,English+Hindi,E_joint,joint_f1,Hindi,0.7085
en_hi,English+Hindi,E_joint,joint_f1,Telugu,0.6896
en_hi,English+Hindi,E_joint,joint_f1,Overall,0.7487
en_hi,English+Hindi,E_joint,joint_f1_macro_avg,Overall,0.734
en_hi,English+Hindi,E_joint,classification_macro_f1,English,0.8182
en_hi,English+Hindi,E_joint,classification_macro_f1,Hindi,0.7252
en_hi,English+Hindi,E_joint,classification_macro_f1,Indonesian,0.7784
en_hi,English+Hindi,E_joint,classification_macro_f1,Spanish,0.7637
en_hi,English+Hindi,E_joint,classification_macro_f1,Telugu,0.735
en_hi,English+Hindi,E_joint,classification_macro_f1,Overall,0.7793
en_hi,English+Hindi,E_joint,e2e_span_overlap_f1,English,0.7117
en_hi,English+Hindi,E_joint,e2e_span_overlap_f1,Hindi,0.5811
en_hi,English+Hindi,E_joint,e2e_span_overlap_f1,Indonesian,0.5962
en_hi,English+Hindi,E_joint,e2e_span_overlap_f1,Spanish,0.6343
en_hi,English+Hindi,E_joint,e2e_span_overlap_f1,Telugu,0.7244
en_hi,English+Hindi,E_joint,e2e_span_overlap_f1,Overall,0.645
en_hi,English+Hindi,E_joint,joint_accuracy,Overall,0.6328
en_hi,English+Hindi,F_sequential,joint_f1,English,0.7972
en_hi,English+Hindi,F_sequential,joint_f1,Spanish,0.7107
en_hi,English+Hindi,F_sequential,joint_f1,Hindi,0.6984
en_hi,English+Hindi,F_sequential,joint_f1,Telugu,0.6896
en_hi,English+Hindi,F_sequential,joint_f1,Overall,0.7391
en_hi,English+Hindi,F_sequential,joint_f1_macro_avg,Overall,0.724
en_hi,English+Hindi,F_sequential,classification_macro_f1,English,0.8094
en_hi,English+Hindi,F_sequential,classification_macro_f1,Hindi,0.7169
en_hi,English+Hindi,F_sequential,classification_macro_f1,Indonesian,0.769
en_hi,English+Hindi,F_sequential,classification_macro_f1,Spanish,0.7237
en_hi,English+Hindi,F_sequential,classification_macro_f1,Telugu,0.7199
en_hi,English+Hindi,F_sequential,classification_macro_f1,Overall,0.7625
en_hi,English+Hindi,F_sequential,e2e_span_overlap_f1,English,0.6739
en_hi,English+Hindi,F_sequential,e2e_span_overlap_f1,Hindi,0.4988
en_hi,English+Hindi,F_sequential,e2e_span_overlap_f1,Indonesian,0.488
en_hi,English+Hindi,F_sequential,e2e_span_overlap_f1,Spanish,0.5281
en_hi,English+Hindi,F_sequential,e2e_span_overlap_f1,Telugu,0.746
en_hi,English+Hindi,F_sequential,e2e_span_overlap_f1,Overall,0.5666
en_hi,English+Hindi,F_sequential,joint_accuracy,Overall,0.6454
en_hi,English+Hindi,G_bio,joint_f1,English,0.4696
en_hi,English+Hindi,G_bio,joint_f1,Spanish,0.4502
en_hi,English+Hindi,G_bio,joint_f1,Hindi,0.4876
en_hi,English+Hindi,G_bio,joint_f1,Telugu,0.4561
en_hi,English+Hindi,G_bio,joint_f1,Overall,0.4587
en_hi,English+Hindi,G_bio,e2e_span_overlap_f1,English,0.7917
en_hi,English+Hindi,G_bio,e2e_span_overlap_f1,Hindi,0.7587
en_hi,English+Hindi,G_bio,e2e_span_overlap_f1,Indonesian,0.6578
en_hi,English+Hindi,G_bio,e2e_span_overlap_f1,Spanish,0.6936
en_hi,English+Hindi,G_bio,e2e_span_overlap_f1,Telugu,0.3098
en_hi,English+Hindi,G_bio,e2e_span_overlap_f1,Overall,0.6873
en_hi,English+Hindi,G_bio,joint_accuracy,Overall,0.2594
en_te,English+Telugu,A_pipeline,joint_f1,English,0.7942
en_te,English+Telugu,A_pipeline,joint_f1,Spanish,0.728
en_te,English+Telugu,A_pipeline,joint_f1,Hindi,0.6569
en_te,English+Telugu,A_pipeline,joint_f1,Telugu,0.7257
en_te,English+Telugu,A_pipeline,joint_f1,Overall,0.7488
en_te,English+Telugu,A_pipeline,joint_f1_macro_avg,Overall,0.7262
en_te,English+Telugu,A_pipeline,classification_macro_f1,English,0.8022
en_te,English+Telugu,A_pipeline,classification_macro_f1,Hindi,0.6744
en_te,English+Telugu,A_pipeline,classification_macro_f1,Indonesian,0.7969
en_te,English+Telugu,A_pipeline,classification_macro_f1,Spanish,0.7449
en_te,English+Telugu,A_pipeline,classification_macro_f1,Telugu,0.7257
en_te,English+Telugu,A_pipeline,classification_macro_f1,Overall,0.7725
en_te,English+Telugu,A_pipeline,e2e_span_overlap_f1,English,0.6809
en_te,English+Telugu,A_pipeline,e2e_span_overlap_f1,Hindi,0.4125
en_te,English+Telugu,A_pipeline,e2e_span_overlap_f1,Indonesian,0.5955
en_te,English+Telugu,A_pipeline,e2e_span_overlap_f1,Spanish,0.5525
en_te,English+Telugu,A_pipeline,e2e_span_overlap_f1,Telugu,0.7054
en_te,English+Telugu,A_pipeline,e2e_span_overlap_f1,Overall,0.6021
en_te,English+Telugu,A_pipeline,joint_accuracy,Overall,0.6318
en_te,English+Telugu,E_joint,joint_f1,English,0.8338
en_te,English+Telugu,E_joint,joint_f1,Spanish,0.7323
en_te,English+Telugu,E_joint,joint_f1,Hindi,0.6771
en_te,English+Telugu,E_joint,joint_f1,Telugu,0.7529
en_te,English+Telugu,E_joint,joint_f1,Overall,0.7542
en_te,English+Telugu,E_joint,joint_f1_macro_avg,Overall,0.749
en_te,English+Telugu,E_joint,classification_macro_f1,English,0.8378
en_te,English+Telugu,E_joint,classification_macro_f1,Hindi,0.7085
en_te,English+Telugu,E_joint,classification_macro_f1,Indonesian,0.7784
en_te,English+Telugu,E_joint,classification_macro_f1,Spanish,0.7519
en_te,English+Telugu,E_joint,classification_macro_f1,Telugu,0.7529
en_te,English+Telugu,E_joint,classification_macro_f1,Overall,0.7813
en_te,English+Telugu,E_joint,e2e_span_overlap_f1,English,0.7263
en_te,English+Telugu,E_joint,e2e_span_overlap_f1,Hindi,0.5902
en_te,English+Telugu,E_joint,e2e_span_overlap_f1,Indonesian,0.6042
en_te,English+Telugu,E_joint,e2e_span_overlap_f1,Spanish,0.6716
en_te,English+Telugu,E_joint,e2e_span_overlap_f1,Telugu,0.8636
en_te,English+Telugu,E_joint,e2e_span_overlap_f1,Overall,0.6715
en_te,English+Telugu,E_joint,joint_accuracy,Overall,0.6276
en_te,English+Telugu,F_sequential,joint_f1,English,0.7974
en_te,English+Telugu,F_sequential,joint_f1,Spanish,0.7159
en_te,English+Telugu,F_sequential,joint_f1,Hindi,0.7069
en_te,English+Telugu,F_sequential,joint_f1,Telugu,0.7575
en_te,English+Telugu,F_sequential,joint_f1,Overall,0.7488
en_te,English+Telugu,F_sequential,joint_f1_macro_avg,Overall,0.7444
en_te,English+Telugu,F_sequential,classification_macro_f1,English,0.8055
en_te,English+Telugu,F_sequential,classification_macro_f1,Hindi,0.724
en_te,English+Telugu,F_sequential,classification_macro_f1,Indonesian,0.7844
en_te,English+Telugu,F_sequential,classification_macro_f1,Spanish,0.7335
en_te,English+Telugu,F_sequential,classification_macro_f1,Telugu,0.7575
en_te,English+Telugu,F_sequential,classification_macro_f1,Overall,0.7718
en_te,English+Telugu,F_sequential,e2e_span_overlap_f1,English,0.6702
en_te,English+Telugu,F_sequential,e2e_span_overlap_f1,Hindi,0.4912
en_te,English+Telugu,F_sequential,e2e_span_overlap_f1,Indonesian,0.5875
en_te,English+Telugu,F_sequential,e2e_span_overlap_f1,Spanish,0.5046
en_te,English+Telugu,F_sequential,e2e_span_overlap_f1,Telugu,0.7516
en_te,English+Telugu,F_sequential,e2e_span_overlap_f1,Overall,0.5919
en_te,English+Telugu,F_sequential,joint_accuracy,Overall,0.6402
en_te,English+Telugu,G_bio,joint_f1,English,0.4696
en_te,English+Telugu,G_bio,joint_f1,Spanish,0.4538
en_te,English+Telugu,G_bio,joint_f1,Hindi,0.4655
en_te,English+Telugu,G_bio,joint_f1,Telugu,0.479
en_te,English+Telugu,G_bio,joint_f1,Overall,0.4543
en_te,English+Telugu,G_bio,e2e_span_overlap_f1,English,0.7919
en_te,English+Telugu,G_bio,e2e_span_overlap_f1,Hindi,0.6357
en_te,English+Telugu,G_bio,e2e_span_overlap_f1,Indonesian,0.587
en_te,English+Telugu,G_bio,e2e_span_overlap_f1,Spanish,0.7126
en_te,English+Telugu,G_bio,e2e_span_overlap_f1,Telugu,0.2445
en_te,English+Telugu,G_bio,e2e_span_overlap_f1,Overall,0.6568
en_te,English+Telugu,G_bio,joint_accuracy,Overall,0.2416
es_hi,Spanish+Hindi,A_pipeline,joint_f1,English,0.7904
es_hi,Spanish+Hindi,A_pipeline,joint_f1,Spanish,0.7399
es_hi,Spanish+Hindi,A_pipeline,joint_f1,Hindi,0.672
es_hi,Spanish+Hindi,A_pipeline,joint_f1,Telugu,0.724
es_hi,Spanish+Hindi,A_pipeline,joint_f1,Overall,0.7541
es_hi,Spanish+Hindi,A_pipeline,joint_f1_macro_avg,Overall,0.7316
es_hi,Spanish+Hindi,A_pipeline,classification_macro_f1,English,0.8063
es_hi,Spanish+Hindi,A_pipeline,classification_macro_f1,Hindi,0.672
es_hi,Spanish+Hindi,A_pipeline,classification_macro_f1,Indonesian,0.8058
es_hi,Spanish+Hindi,A_pipeline,classification_macro_f1,Spanish,0.7439
es_hi,Spanish+Hindi,A_pipeline,classification_macro_f1,Telugu,0.7549
es_hi,Spanish+Hindi,A_pipeline,classification_macro_f1,Overall,0.7782
es_hi,Spanish+Hindi,A_pipeline,e2e_span_overlap_f1,English,0.6922
es_hi,Spanish+Hindi,A_pipeline,e2e_span_overlap_f1,Hindi,0.519
es_hi,Spanish+Hindi,A_pipeline,e2e_span_overlap_f1,Indonesian,0.6334
es_hi,Spanish+Hindi,A_pipeline,e2e_span_overlap_f1,Spanish,0.6599
es_hi,Spanish+Hindi,A_pipeline,e2e_span_overlap_f1,Telugu,0.7523
es_hi,Spanish+Hindi,A_pipeline,e2e_span_overlap_f1,Overall,0.6567
es_hi,Spanish+Hindi,A_pipeline,joint_accuracy,Overall,0.6182
es_hi,Spanish+Hindi,E_joint,joint_f1,English,0.7667
es_hi,Spanish+Hindi,E_joint,joint_f1,Spanish,0.7203
es_hi,Spanish+Hindi,E_joint,joint_f1,Hindi,0.6761
es_hi,Spanish+Hindi,E_joint,joint_f1,Telugu,0.7409
es_hi,Spanish+Hindi,E_joint,joint_f1,Overall,0.728
es_hi,Spanish+Hindi,E_joint,joint_f1_macro_avg,Overall,0.726
es_hi,Spanish+Hindi,E_joint,classification_macro_f1,English,0.7902
es_hi,Spanish+Hindi,E_joint,classification_macro_f1,Hindi,0.6928
es_hi,Spanish+Hindi,E_joint,classification_macro_f1,Indonesian,0.7661
es_hi,Spanish+Hindi,E_joint,classification_macro_f1,Spanish,0.7434
es_hi,Spanish+Hindi,E_joint,classification_macro_f1,Telugu,0.7565
es_hi,Spanish+Hindi,E_joint,classification_macro_f1,Overall,0.7613
es_hi,Spanish+Hindi,E_joint,e2e_span_overlap_f1,English,0.7045
es_hi,Spanish+Hindi,E_joint,e2e_span_overlap_f1,Hindi,0.577
es_hi,Spanish+Hindi,E_joint,e2e_span_overlap_f1,Indonesian,0.6028
es_hi,Spanish+Hindi,E_joint,e2e_span_overlap_f1,Spanish,0.6875
es_hi,Spanish+Hindi,E_joint,e2e_span_overlap_f1,Telugu,0.7171
es_hi,Spanish+Hindi,E_joint,e2e_span_overlap_f1,Overall,0.6589
es_hi,Spanish+Hindi,E_joint,joint_accuracy,Overall,0.6119
es_hi,Spanish+Hindi,F_sequential,joint_f1,English,0.7699
es_hi,Spanish+Hindi,F_sequential,joint_f1,Spanish,0.7244
es_hi,Spanish+Hindi,F_sequential,joint_f1,Hindi,0.7048
es_hi,Spanish+Hindi,F_sequential,joint_f1,Telugu,0.7376
es_hi,Spanish+Hindi,F_sequential,joint_f1,Overall,0.7508
es_hi,Spanish+Hindi,F_sequential,joint_f1_macro_avg,Overall,0.7342
es_hi,Spanish+Hindi,F_sequential,classification_macro_f1,English,0.7902
es_hi,Spanish+Hindi,F_sequential,classification_macro_f1,Hindi,0.7395
es_hi,Spanish+Hindi,F_sequential,classification_macro_f1,Indonesian,0.8092
es_hi,Spanish+Hindi,F_sequential,classification_macro_f1,Spanish,0.7362
es_hi,Spanish+Hindi,F_sequential,classification_macro_f1,Telugu,0.7529
es_hi,Spanish+Hindi,F_sequential,classification_macro_f1,Overall,0.7772
es_hi,Spanish+Hindi,F_sequential,e2e_span_overlap_f1,English,0.6115
es_hi,Spanish+Hindi,F_sequential,e2e_span_overlap_f1,Hindi,0.5361
es_hi,Spanish+Hindi,F_sequential,e2e_span_overlap_f1,Indonesian,0.6361
es_hi,Spanish+Hindi,F_sequential,e2e_span_overlap_f1,Spanish,0.6685
es_hi,Spanish+Hindi,F_sequential,e2e_span_overlap_f1,Telugu,0.7996
es_hi,Spanish+Hindi,F_sequential,e2e_span_overlap_f1,Overall,0.6424
es_hi,Spanish+Hindi,F_sequential,joint_accuracy,Overall,0.6172
es_hi,Spanish+Hindi,G_bio,joint_f1,English,0.4582
es_hi,Spanish+Hindi,G_bio,joint_f1,Spanish,0.463
es_hi,Spanish+Hindi,G_bio,joint_f1,Hindi,0.479
es_hi,Spanish+Hindi,G_bio,joint_f1,Telugu,0.4561
es_hi,Spanish+Hindi,G_bio,joint_f1,Overall,0.4531
es_hi,Spanish+Hindi,G_bio,e2e_span_overlap_f1,English,0.7385
es_hi,Spanish+Hindi,G_bio,e2e_span_overlap_f1,Hindi,0.7941
es_hi,Spanish+Hindi,G_bio,e2e_span_overlap_f1,Indonesian,0.6126
es_hi,Spanish+Hindi,G_bio,e2e_span_overlap_f1,Spanish,0.7626
es_hi,Spanish+Hindi,G_bio,e2e_span_overlap_f1,Telugu,0.4108
es_hi,Spanish+Hindi,G_bio,e2e_span_overlap_f1,Overall,0.6857
es_hi,Spanish+Hindi,G_bio,joint_accuracy,Overall,0.25
es_te,Spanish+Telugu,A_pipeline,joint_f1,English,0.7546
es_te,Spanish+Telugu,A_pipeline,joint_f1,Spanish,0.7552
es_te,Spanish+Telugu,A_pipeline,joint_f1,Hindi,0.6612
es_te,Spanish+Telugu,A_pipeline,joint_f1,Telugu,0.7903
es_te,Spanish+Telugu,A_pipeline,joint_f1,Overall,0.7373
es_te,Spanish+Telugu,A_pipeline,joint_f1_macro_avg,Overall,0.7403
es_te,Spanish+Telugu,A_pipeline,classification_macro_f1,English,0.7746
es_te,Spanish+Telugu,A_pipeline,classification_macro_f1,Hindi,0.6774
es_te,Spanish+Telugu,A_pipeline,classification_macro_f1,Indonesian,0.7684
es_te,Spanish+Telugu,A_pipeline,classification_macro_f1,Spanish,0.7592
es_te,Spanish+Telugu,A_pipeline,classification_macro_f1,Telugu,0.7903
es_te,Spanish+Telugu,A_pipeline,classification_macro_f1,Overall,0.7636
es_te,Spanish+Telugu,A_pipeline,e2e_span_overlap_f1,English,0.6258
es_te,Spanish+Telugu,A_pipeline,e2e_span_overlap_f1,Hindi,0.5343
es_te,Spanish+Telugu,A_pipeline,e2e_span_overlap_f1,Indonesian,0.6245
es_te,Spanish+Telugu,A_pipeline,e2e_span_overlap_f1,Spanish,0.634
es_te,Spanish+Telugu,A_pipeline,e2e_span_overlap_f1,Telugu,0.7392
es_te,Spanish+Telugu,A_pipeline,e2e_span_overlap_f1,Overall,0.6291
es_te,Spanish+Telugu,A_pipeline,joint_accuracy,Overall,0.5973
es_te,Spanish+Telugu,E_joint,joint_f1,English,0.7589
es_te,Spanish+Telugu,E_joint,joint_f1,Spanish,0.7439
es_te,Spanish+Telugu,E_joint,joint_f1,Hindi,0.6612
es_te,Spanish+Telugu,E_joint,joint_f1,Telugu,0.7889
es_te,Spanish+Telugu,E_joint,joint_f1,Overall,0.7448
es_te,Spanish+Telugu,E_joint,joint_f1_macro_avg,Overall,0.7382
es_te,Spanish+Telugu,E_joint,classification_macro_f1,English,0.7786
es_te,Spanish+Telugu,E_joint,classification_macro_f1,Hindi,0.6771
es_te,Spanish+Telugu,E_joint,classification_macro_f1,Indonesian,0.7908
es_te,Spanish+Telugu,E_joint,classification_macro_f1,Spanish,0.7633
es_te,Spanish+Telugu,E_joint,classification_macro_f1,Telugu,0.7889
es_te,Spanish+Telugu,E_joint,classification_macro_f1,Overall,0.7729
es_te,Spanish+Telugu,E_joint,e2e_span_overlap_f1,English,0.6476
es_te,Spanish+Telugu,E_joint,e2e_span_overlap_f1,Hindi,0.5728
es_te,Spanish+Telugu,E_joint,e2e_span_overlap_f1,Indonesian,0.6046
es_te,Spanish+Telugu,E_joint,e2e_span_overlap_f1,Spanish,0.7261
es_te,Spanish+Telugu,E_joint,e2e_span_overlap_f1,Telugu,0.808
es_te,Spanish+Telugu,E_joint,e2e_span_overlap_f1,Overall,0.6603
es_te,Spanish+Telugu,E_joint,joint_accuracy,Overall,0.613
es_te,Spanish+Telugu,F_sequential,joint_f1,English,0.7705
es_te,Spanish+Telugu,F_sequential,joint_f1,Spanish,0.7441
es_te,Spanish+Telugu,F_sequential,joint_f1,Hindi,0.6289
es_te,Spanish+Telugu,F_sequential,joint_f1,Telugu,0.7732
es_te,Spanish+Telugu,F_sequential,joint_f1,Overall,0.7353
es_te,Spanish+Telugu,F_sequential,joint_f1_macro_avg,Overall,0.7292
es_te,Spanish+Telugu,F_sequential,classification_macro_f1,English,0.7944
es_te,Spanish+Telugu,F_sequential,classification_macro_f1,Hindi,0.6289
es_te,Spanish+Telugu,F_sequential,classification_macro_f1,Indonesian,0.7645
es_te,Spanish+Telugu,F_sequential,classification_macro_f1,Spanish,0.7635
es_te,Spanish+Telugu,F_sequential,classification_macro_f1,Telugu,0.7732
es_te,Spanish+Telugu,F_sequential,classification_macro_f1,Overall,0.7643
es_te,Spanish+Telugu,F_sequential,e2e_span_overlap_f1,English,0.6184
es_te,Spanish+Telugu,F_sequential,e2e_span_overlap_f1,Hindi,0.4988
es_te,Spanish+Telugu,F_sequential,e2e_span_overlap_f1,Indonesian,0.649
es_te,Spanish+Telugu,F_sequential,e2e_span_overlap_f1,Spanish,0.6822
es_te,Spanish+Telugu,F_sequential,e2e_span_overlap_f1,Telugu,0.7727
es_te,Spanish+Telugu,F_sequential,e2e_span_overlap_f1,Overall,0.648
es_te,Spanish+Telugu,F_sequential,joint_accuracy,Overall,0.5879
es_te,Spanish+Telugu,G_bio,joint_f1,English,0.45
es_te,Spanish+Telugu,G_bio,joint_f1,Spanish,0.4619
es_te,Spanish+Telugu,G_bio,joint_f1,Hindi,0.4414
es_te,Spanish+Telugu,G_bio,joint_f1,Telugu,0.4876
es_te,Spanish+Telugu,G_bio,joint_f1,Overall,0.4468
es_te,Spanish+Telugu,G_bio,e2e_span_overlap_f1,English,0.7294
es_te,Spanish+Telugu,G_bio,e2e_span_overlap_f1,Hindi,0.6538
es_te,Spanish+Telugu,G_bio,e2e_span_overlap_f1,Indonesian,0.5801
es_te,Spanish+Telugu,G_bio,e2e_span_overlap_f1,Spanish,0.7827
es_te,Spanish+Telugu,G_bio,e2e_span_overlap_f1,Telugu,0.308
es_te,Spanish+Telugu,G_bio,e2e_span_overlap_f1,Overall,0.6619
es_te,Spanish+Telugu,G_bio,joint_accuracy,Overall,0.2626
hi_te,Hindi+Telugu,A_pipeline,joint_f1,English,0.6869
hi_te,Hindi+Telugu,A_pipeline,joint_f1,Spanish,0.6082
hi_te,Hindi+Telugu,A_pipeline,joint_f1,Hindi,0.6402
hi_te,Hindi+Telugu,A_pipeline,joint_f1,Telugu,0.7742
hi_te,Hindi+Telugu,A_pipeline,joint_f1,Overall,0.6693
hi_te,Hindi+Telugu,A_pipeline,joint_f1_macro_avg,Overall,0.6774
hi_te,Hindi+Telugu,A_pipeline,classification_macro_f1,English,0.7232
hi_te,Hindi+Telugu,A_pipeline,classification_macro_f1,Hindi,0.6402
hi_te,Hindi+Telugu,A_pipeline,classification_macro_f1,Indonesian,0.7403
hi_te,Hindi+Telugu,A_pipeline,classification_macro_f1,Spanish,0.6713
hi_te,Hindi+Telugu,A_pipeline,classification_macro_f1,Telugu,0.7742
hi_te,Hindi+Telugu,A_pipeline,classification_macro_f1,Overall,0.7143
hi_te,Hindi+Telugu,A_pipeline,e2e_span_overlap_f1,English,0.3907
hi_te,Hindi+Telugu,A_pipeline,e2e_span_overlap_f1,Hindi,0.3768
hi_te,Hindi+Telugu,A_pipeline,e2e_span_overlap_f1,Indonesian,0.4027
hi_te,Hindi+Telugu,A_pipeline,e2e_span_overlap_f1,Spanish,0.275
hi_te,Hindi+Telugu,A_pipeline,e2e_span_overlap_f1,Telugu,0.6977
hi_te,Hindi+Telugu,A_pipeline,e2e_span_overlap_f1,Overall,0.3827
hi_te,Hindi+Telugu,A_pipeline,joint_accuracy,Overall,0.5659
hi_te,Hindi+Telugu,E_joint,joint_f1,English,0.6257
hi_te,Hindi+Telugu,E_joint,joint_f1,Spanish,0.5464
hi_te,Hindi+Telugu,E_joint,joint_f1,Hindi,0.5589
hi_te,Hindi+Telugu,E_joint,joint_f1,Telugu,0.7097
hi_te,Hindi+Telugu,E_joint,joint_f1,Overall,0.6103
hi_te,Hindi+Telugu,E_joint,joint_f1_macro_avg,Overall,0.6102
hi_te,Hindi+Telugu,E_joint,classification_macro_f1,English,0.6502
hi_te,Hindi+Telugu,E_joint,classification_macro_f1,Hindi,0.6113
hi_te,Hindi+Telugu,E_joint,classification_macro_f1,Indonesian,0.7003
hi_te,Hindi+Telugu,E_joint,classification_macro_f1,Spanish,0.6136
hi_te,Hindi+Telugu,E_joint,classification_macro_f1,Telugu,0.7097
hi_te,Hindi+Telugu,E_joint,classification_macro_f1,Overall,0.6608
hi_te,Hindi+Telugu,E_joint,e2e_span_overlap_f1,English,0.3086
hi_te,Hindi+Telugu,E_joint,e2e_span_overlap_f1,Hindi,0.4307
hi_te,Hindi+Telugu,E_joint,e2e_span_overlap_f1,Indonesian,0.3683
hi_te,Hindi+Telugu,E_joint,e2e_span_overlap_f1,Spanish,0.3312
hi_te,Hindi+Telugu,E_joint,e2e_span_overlap_f1,Telugu,0.6389
hi_te,Hindi+Telugu,E_joint,e2e_span_overlap_f1,Overall,0.3641
hi_te,Hindi+Telugu,E_joint,joint_accuracy,Overall,0.499
hi_te,Hindi+Telugu,F_sequential,joint_f1,English,0.6823
hi_te,Hindi+Telugu,F_sequential,joint_f1,Spanish,0.6114
hi_te,Hindi+Telugu,F_sequential,joint_f1,Hindi,0.6282
hi_te,Hindi+Telugu,F_sequential,joint_f1,Telugu,0.8056
hi_te,Hindi+Telugu,F_sequential,joint_f1,Overall,0.6673
hi_te,Hindi+Telugu,F_sequential,joint_f1_macro_avg,Overall,0.6819
hi_te,Hindi+Telugu,F_sequential,classification_macro_f1,English,0.7152
hi_te,Hindi+Telugu,F_sequential,classification_macro_f1,Hindi,0.6448
hi_te,Hindi+Telugu,F_sequential,classification_macro_f1,Indonesian,0.7457
hi_te,Hindi+Telugu,F_sequential,classification_macro_f1,Spanish,0.6825
hi_te,Hindi+Telugu,F_sequential,classification_macro_f1,Telugu,0.8214
hi_te,Hindi+Telugu,F_sequential,classification_macro_f1,Overall,0.7213
hi_te,Hindi+Telugu,F_sequential,e2e_span_overlap_f1,English,0.3616
hi_te,Hindi+Telugu,F_sequential,e2e_span_overlap_f1,Hindi,0.5221
hi_te,Hindi+Telugu,F_sequential,e2e_span_overlap_f1,Indonesian,0.4468
hi_te,Hindi+Telugu,F_sequential,e2e_span_overlap_f1,Spanish,0.2987
hi_te,Hindi+Telugu,F_sequential,e2e_span_overlap_f1,Telugu,0.8301
hi_te,Hindi+Telugu,F_sequential,e2e_span_overlap_f1,Overall,0.4141
hi_te,Hindi+Telugu,F_sequential,joint_accuracy,Overall,0.5554
hi_te,Hindi+Telugu,G_bio,joint_f1,English,0.3125
hi_te,Hindi+Telugu,G_bio,joint_f1,Spanish,0.3385
hi_te,Hindi+Telugu,G_bio,joint_f1,Hindi,0.4701
hi_te,Hindi+Telugu,G_bio,joint_f1,Telugu,0.4833
hi_te,Hindi+Telugu,G_bio,joint_f1,Overall,0.3731
hi_te,Hindi+Telugu,G_bio,e2e_span_overlap_f1,English,0.3066
hi_te,Hindi+Telugu,G_bio,e2e_span_overlap_f1,Hindi,0.7222
hi_te,Hindi+Telugu,G_bio,e2e_span_overlap_f1,Indonesian,0.4685
hi_te,Hindi+Telugu,G_bio,e2e_span_overlap_f1,Spanish,0.2927
hi_te,Hindi+Telugu,G_bio,e2e_span_overlap_f1,Telugu,0.3556
hi_te,Hindi+Telugu,G_bio,e2e_span_overlap_f1,Overall,0.3867
hi_te,Hindi+Telugu,G_bio,joint_accuracy,Overall,0.0669
en_es_hi,English+Spanish+Hindi,A_pipeline,joint_f1,English,0.7905
en_es_hi,English+Spanish+Hindi,A_pipeline,joint_f1,Spanish,0.7355
en_es_hi,English+Spanish+Hindi,A_pipeline,joint_f1,Hindi,0.7732
en_es_hi,English+Spanish+Hindi,A_pipeline,joint_f1,Telugu,0.6896
en_es_hi,English+Spanish+Hindi,A_pipeline,joint_f1,Overall,0.7541
en_es_hi,English+Spanish+Hindi,A_pipeline,joint_f1_macro_avg,Overall,0.7472
en_es_hi,English+Spanish+Hindi,A_pipeline,classification_macro_f1,English,0.7983
en_es_hi,English+Spanish+Hindi,A_pipeline,classification_macro_f1,Hindi,0.7898
en_es_hi,English+Spanish+Hindi,A_pipeline,classification_macro_f1,Indonesian,0.7907
en_es_hi,English+Spanish+Hindi,A_pipeline,classification_macro_f1,Spanish,0.7436
en_es_hi,English+Spanish+Hindi,A_pipeline,classification_macro_f1,Telugu,0.7199
en_es_hi,English+Spanish+Hindi,A_pipeline,classification_macro_f1,Overall,0.7761
en_es_hi,English+Spanish+Hindi,A_pipeline,e2e_span_overlap_f1,English,0.7489
en_es_hi,English+Spanish+Hindi,A_pipeline,e2e_span_overlap_f1,Hindi,0.6604
en_es_hi,English+Spanish+Hindi,A_pipeline,e2e_span_overlap_f1,Indonesian,0.6335
en_es_hi,English+Spanish+Hindi,A_pipeline,e2e_span_overlap_f1,Spanish,0.6436
en_es_hi,English+Spanish+Hindi,A_pipeline,e2e_span_overlap_f1,Telugu,0.705
en_es_hi,English+Spanish+Hindi,A_pipeline,e2e_span_overlap_f1,Overall,0.6738
en_es_hi,English+Spanish+Hindi,A_pipeline,joint_accuracy,Overall,0.637
en_es_hi,English+Spanish+Hindi,E_joint,joint_f1,English,0.7819
en_es_hi,English+Spanish+Hindi,E_joint,joint_f1,Spanish,0.7401
en_es_hi,English+Spanish+Hindi,E_joint,joint_f1,Hindi,0.6915
en_es_hi,English+Spanish+Hindi,E_joint,joint_f1,Telugu,0.7565
en_es_hi,English+Spanish+Hindi,E_joint,joint_f1,Overall,0.7561
en_es_hi,English+Spanish+Hindi,E_joint,joint_f1_macro_avg,Overall,0.7425
en_es_hi,English+Spanish+Hindi,E_joint,classification_macro_f1,English,0.786
en_es_hi,English+Spanish+Hindi,E_joint,classification_macro_f1,Hindi,0.7085
en_es_hi,English+Spanish+Hindi,E_joint,classification_macro_f1,Indonesian,0.7876
en_es_hi,English+Spanish+Hindi,E_joint,classification_macro_f1,Spanish,0.7518
en_es_hi,English+Spanish+Hindi,E_joint,classification_macro_f1,Telugu,0.7876
en_es_hi,English+Spanish+Hindi,E_joint,classification_macro_f1,Overall,0.773
en_es_hi,English+Spanish+Hindi,E_joint,e2e_span_overlap_f1,English,0.6645
en_es_hi,English+Spanish+Hindi,E_joint,e2e_span_overlap_f1,Hindi,0.5685
en_es_hi,English+Spanish+Hindi,E_joint,e2e_span_overlap_f1,Indonesian,0.6465
en_es_hi,English+Spanish+Hindi,E_joint,e2e_span_overlap_f1,Spanish,0.7093
en_es_hi,English+Spanish+Hindi,E_joint,e2e_span_overlap_f1,Telugu,0.7452
en_es_hi,English+Spanish+Hindi,E_joint,e2e_span_overlap_f1,Overall,0.6697
en_es_hi,English+Spanish+Hindi,E_joint,joint_accuracy,Overall,0.6475
en_es_hi,English+Spanish+Hindi,F_sequential,joint_f1,English,0.7984
en_es_hi,English+Spanish+Hindi,F_sequential,joint_f1,Spanish,0.7478
en_es_hi,English+Spanish+Hindi,F_sequential,joint_f1,Hindi,0.6935
en_es_hi,English+Spanish+Hindi,F_sequential,joint_f1,Telugu,0.6836
en_es_hi,English+Spanish+Hindi,F_sequential,joint_f1,Overall,0.7594
en_es_hi,English+Spanish+Hindi,F_sequential,joint_f1_macro_avg,Overall,0.7308
en_es_hi,English+Spanish+Hindi,F_sequential,classification_macro_f1,English,0.8103
en_es_hi,English+Spanish+Hindi,F_sequential,classification_macro_f1,Hindi,0.7094
en_es_hi,English+Spanish+Hindi,F_sequential,classification_macro_f1,Indonesian,0.7999
en_es_hi,English+Spanish+Hindi,F_sequential,classification_macro_f1,Spanish,0.7597
en_es_hi,English+Spanish+Hindi,F_sequential,classification_macro_f1,Telugu,0.7132
en_es_hi,English+Spanish+Hindi,F_sequential,classification_macro_f1,Overall,0.7813
en_es_hi,English+Spanish+Hindi,F_sequential,e2e_span_overlap_f1,English,0.711
en_es_hi,English+Spanish+Hindi,F_sequential,e2e_span_overlap_f1,Hindi,0.6722
en_es_hi,English+Spanish+Hindi,F_sequential,e2e_span_overlap_f1,Indonesian,0.6686
en_es_hi,English+Spanish+Hindi,F_sequential,e2e_span_overlap_f1,Spanish,0.6603
en_es_hi,English+Spanish+Hindi,F_sequential,e2e_span_overlap_f1,Telugu,0.8083
en_es_hi,English+Spanish+Hindi,F_sequential,e2e_span_overlap_f1,Overall,0.6872
en_es_hi,English+Spanish+Hindi,F_sequential,joint_accuracy,Overall,0.6381
en_es_hi,English+Spanish+Hindi,G_bio,joint_f1,English,0.4751
en_es_hi,English+Spanish+Hindi,G_bio,joint_f1,Spanish,0.473
en_es_hi,English+Spanish+Hindi,G_bio,joint_f1,Hindi,0.4918
en_es_hi,English+Spanish+Hindi,G_bio,joint_f1,Telugu,0.4655
en_es_hi,English+Spanish+Hindi,G_bio,joint_f1,Overall,0.4653
en_es_hi,English+Spanish+Hindi,G_bio,e2e_span_overlap_f1,English,0.8303
en_es_hi,English+Spanish+Hindi,G_bio,e2e_span_overlap_f1,Hindi,0.776
en_es_hi,English+Spanish+Hindi,G_bio,e2e_span_overlap_f1,Indonesian,0.6428
en_es_hi,English+Spanish+Hindi,G_bio,e2e_span_overlap_f1,Spanish,0.7914
en_es_hi,English+Spanish+Hindi,G_bio,e2e_span_overlap_f1,Telugu,0.3141
en_es_hi,English+Spanish+Hindi,G_bio,e2e_span_overlap_f1,Overall,0.7206
en_es_hi,English+Spanish+Hindi,G_bio,joint_accuracy,Overall,0.2918
en_es_te,English+Spanish+Telugu,A_pipeline,joint_f1,English,0.7761
en_es_te,English+Spanish+Telugu,A_pipeline,joint_f1,Spanish,0.7597
en_es_te,English+Spanish+Telugu,A_pipeline,joint_f1,Hindi,0.6314
en_es_te,English+Spanish+Telugu,A_pipeline,joint_f1,Telugu,0.8225
en_es_te,English+Spanish+Telugu,A_pipeline,joint_f1,Overall,0.7532
en_es_te,English+Spanish+Telugu,A_pipeline,joint_f1_macro_avg,Overall,0.7474
en_es_te,English+Spanish+Telugu,A_pipeline,classification_macro_f1,English,0.7845
en_es_te,English+Spanish+Telugu,A_pipeline,classification_macro_f1,Hindi,0.6314
en_es_te,English+Spanish+Telugu,A_pipeline,classification_macro_f1,Indonesian,0.7877
en_es_te,English+Spanish+Telugu,A_pipeline,classification_macro_f1,Spanish,0.7677
en_es_te,English+Spanish+Telugu,A_pipeline,classification_macro_f1,Telugu,0.8225
en_es_te,English+Spanish+Telugu,A_pipeline,classification_macro_f1,Overall,0.7747
en_es_te,English+Spanish+Telugu,A_pipeline,e2e_span_overlap_f1,English,0.6253
en_es_te,English+Spanish+Telugu,A_pipeline,e2e_span_overlap_f1,Hindi,0.3774
en_es_te,English+Spanish+Telugu,A_pipeline,e2e_span_overlap_f1,Indonesian,0.6077
en_es_te,English+Spanish+Telugu,A_pipeline,e2e_span_overlap_f1,Spanish,0.6778
en_es_te,English+Spanish+Telugu,A_pipeline,e2e_span_overlap_f1,Telugu,0.7955
en_es_te,English+Spanish+Telugu,A_pipeline,e2e_span_overlap_f1,Overall,0.6286
en_es_te,English+Spanish+Telugu,A_pipeline,joint_accuracy,Overall,0.6402
en_es_te,English+Spanish+Telugu,E_joint,joint_f1,English,0.7784
en_es_te,English+Spanish+Telugu,E_joint,joint_f1,Spanish,0.7559
en_es_te,English+Spanish+Telugu,E_joint,joint_f1,Hindi,0.7094
en_es_te,English+Spanish+Telugu,E_joint,joint_f1,Telugu,0.7889
en_es_te,English+Spanish+Telugu,E_joint,joint_f1,Overall,0.7604
en_es_te,English+Spanish+Telugu,E_joint,joint_f1_macro_avg,Overall,0.7581
en_es_te,English+Spanish+Telugu,E_joint,classification_macro_f1,English,0.7824
en_es_te,English+Spanish+Telugu,E_joint,classification_macro_f1,Hindi,0.7094
en_es_te,English+Spanish+Telugu,E_joint,classification_macro_f1,Indonesian,0.7968
en_es_te,English+Spanish+Telugu,E_joint,classification_macro_f1,Spanish,0.7677
en_es_te,English+Spanish+Telugu,E_joint,classification_macro_f1,Telugu,0.7889
en_es_te,English+Spanish+Telugu,E_joint,classification_macro_f1,Overall,0.7793
en_es_te,English+Spanish+Telugu,E_joint,e2e_span_overlap_f1,English,0.6724
en_es_te,English+Spanish+Telugu,E_joint,e2e_span_overlap_f1,Hindi,0.5684
en_es_te,English+Spanish+Telugu,E_joint,e2e_span_overlap_f1,Indonesian,0.6514
en_es_te,English+Spanish+Telugu,E_joint,e2e_span_overlap_f1,Spanish,0.7005
en_es_te,English+Spanish+Telugu,E_joint,e2e_span_overlap_f1,Telugu,0.7933
en_es_te,English+Spanish+Telugu,E_joint,e2e_span_overlap_f1,Overall,0.6741
en_es_te,English+Spanish+Telugu,E_joint,joint_accuracy,Overall,0.6381
en_es_te,English+Spanish+Telugu,F_sequential,joint_f1,English,0.7905
en_es_te,English+Spanish+Telugu,F_sequential,joint_f1,Spanish,0.7436
en_es_te,English+Spanish+Telugu,F_sequential,joint_f1,Hindi,0.7257
en_es_te,English+Spanish+Telugu,F_sequential,joint_f1,Telugu,0.8046
en_es_te,English+Spanish+Telugu,F_sequential,joint_f1,Overall,0.7582
en_es_te,English+Spanish+Telugu,F_sequential,joint_f1_macro_avg,Overall,0.7661
en_es_te,English+Spanish+Telugu,F_sequential,classification_macro_f1,English,0.8063
en_es_te,English+Spanish+Telugu,F_sequential,classification_macro_f1,Hindi,0.7417
en_es_te,English+Spanish+Telugu,F_sequential,classification_macro_f1,Indonesian,0.7837
en_es_te,English+Spanish+Telugu,F_sequential,classification_macro_f1,Spanish,0.759
en_es_te,English+Spanish+Telugu,F_sequential,classification_macro_f1,Telugu,0.8046
en_es_te,English+Spanish+Telugu,F_sequential,classification_macro_f1,Overall,0.7819
en_es_te,English+Spanish+Telugu,F_sequential,e2e_span_overlap_f1,English,0.7187
en_es_te,English+Spanish+Telugu,F_sequential,e2e_span_overlap_f1,Hindi,0.6005
en_es_te,English+Spanish+Telugu,F_sequential,e2e_span_overlap_f1,Indonesian,0.6769
en_es_te,English+Spanish+Telugu,F_sequential,e2e_span_overlap_f1,Spanish,0.7385
en_es_te,English+Spanish+Telugu,F_sequential,e2e_span_overlap_f1,Telugu,0.8224
en_es_te,English+Spanish+Telugu,F_sequential,e2e_span_overlap_f1,Overall,0.7093
en_es_te,English+Spanish+Telugu,F_sequential,joint_accuracy,Overall,0.6276
en_es_te,English+Spanish+Telugu,G_bio,joint_f1,English,0.474
en_es_te,English+Spanish+Telugu,G_bio,joint_f1,Spanish,0.4686
en_es_te,English+Spanish+Telugu,G_bio,joint_f1,Hindi,0.4414
en_es_te,English+Spanish+Telugu,G_bio,joint_f1,Telugu,0.4918
en_es_te,English+Spanish+Telugu,G_bio,joint_f1,Overall,0.4605
en_es_te,English+Spanish+Telugu,G_bio,e2e_span_overlap_f1,English,0.809
en_es_te,English+Spanish+Telugu,G_bio,e2e_span_overlap_f1,Hindi,0.6028
en_es_te,English+Spanish+Telugu,G_bio,e2e_span_overlap_f1,Indonesian,0.6279
en_es_te,English+Spanish+Telugu,G_bio,e2e_span_overlap_f1,Spanish,0.7776
en_es_te,English+Spanish+Telugu,G_bio,e2e_span_overlap_f1,Telugu,0.2463
en_es_te,English+Spanish+Telugu,G_bio,e2e_span_overlap_f1,Overall,0.6903
en_es_te,English+Spanish+Telugu,G_bio,joint_accuracy,Overall,0.2856
en_hi_te,English+Hindi+Telugu,A_pipeline,joint_f1,English,0.7856
en_hi_te,English+Hindi+Telugu,A_pipeline,joint_f1,Spanish,0.7617
en_hi_te,English+Hindi+Telugu,A_pipeline,joint_f1,Hindi,0.6569
en_hi_te,English+Hindi+Telugu,A_pipeline,joint_f1,Telugu,0.758
en_hi_te,English+Hindi+Telugu,A_pipeline,joint_f1,Overall,0.7592
en_hi_te,English+Hindi+Telugu,A_pipeline,joint_f1_macro_avg,Overall,0.7406
en_hi_te,English+Hindi+Telugu,A_pipeline,classification_macro_f1,English,0.7937
en_hi_te,English+Hindi+Telugu,A_pipeline,classification_macro_f1,Hindi,0.6569
en_hi_te,English+Hindi+Telugu,A_pipeline,classification_macro_f1,Indonesian,0.7905
en_hi_te,English+Hindi+Telugu,A_pipeline,classification_macro_f1,Spanish,0.7782
en_hi_te,English+Hindi+Telugu,A_pipeline,classification_macro_f1,Telugu,0.774
en_hi_te,English+Hindi+Telugu,A_pipeline,classification_macro_f1,Overall,0.7787
en_hi_te,English+Hindi+Telugu,A_pipeline,e2e_span_overlap_f1,English,0.6574
en_hi_te,English+Hindi+Telugu,A_pipeline,e2e_span_overlap_f1,Hindi,0.5215
en_hi_te,English+Hindi+Telugu,A_pipeline,e2e_span_overlap_f1,Indonesian,0.5856
en_hi_te,English+Hindi+Telugu,A_pipeline,e2e_span_overlap_f1,Spanish,0.6018
en_hi_te,English+Hindi+Telugu,A_pipeline,e2e_span_overlap_f1,Telugu,0.7345
en_hi_te,English+Hindi+Telugu,A_pipeline,e2e_span_overlap_f1,Overall,0.6149
en_hi_te,English+Hindi+Telugu,A_pipeline,joint_accuracy,Overall,0.6444
en_hi_te,English+Hindi+Telugu,E_joint,joint_f1,English,0.8099
en_hi_te,English+Hindi+Telugu,E_joint,joint_f1,Spanish,0.6683
en_hi_te,English+Hindi+Telugu,E_joint,joint_f1,Hindi,0.7417
en_hi_te,English+Hindi+Telugu,E_joint,joint_f1,Telugu,0.7732
en_hi_te,English+Hindi+Telugu,E_joint,joint_f1,Overall,0.742
en_hi_te,English+Hindi+Telugu,E_joint,joint_f1_macro_avg,Overall,0.7483
en_hi_te,English+Hindi+Telugu,E_joint,classification_macro_f1,English,0.818
en_hi_te,English+Hindi+Telugu,E_joint,classification_macro_f1,Hindi,0.758
en_hi_te,English+Hindi+Telugu,E_joint,classification_macro_f1,Indonesian,0.775
en_hi_te,English+Hindi+Telugu,E_joint,classification_macro_f1,Spanish,0.6846
en_hi_te,English+Hindi+Telugu,E_joint,classification_macro_f1,Telugu,0.7732
en_hi_te,English+Hindi+Telugu,E_joint,classification_macro_f1,Overall,0.7613
en_hi_te,English+Hindi+Telugu,E_joint,e2e_span_overlap_f1,English,0.702
en_hi_te,English+Hindi+Telugu,E_joint,e2e_span_overlap_f1,Hindi,0.6319
en_hi_te,English+Hindi+Telugu,E_joint,e2e_span_overlap_f1,Indonesian,0.5927
en_hi_te,English+Hindi+Telugu,E_joint,e2e_span_overlap_f1,Spanish,0.5587
en_hi_te,English+Hindi+Telugu,E_joint,e2e_span_overlap_f1,Telugu,0.8216
en_hi_te,English+Hindi+Telugu,E_joint,e2e_span_overlap_f1,Overall,0.6306
en_hi_te,English+Hindi+Telugu,E_joint,joint_accuracy,Overall,0.6328
en_hi_te,English+Hindi+Telugu,F_sequential,joint_f1,English,0.8259
en_hi_te,English+Hindi+Telugu,F_sequential,joint_f1,Spanish,0.7125
en_hi_te,English+Hindi+Telugu,F_sequential,joint_f1,Hindi,0.6744
en_hi_te,English+Hindi+Telugu,F_sequential,joint_f1,Telugu,0.774
en_hi_te,English+Hindi+Telugu,F_sequential,joint_f1,Overall,0.7622
en_hi_te,English+Hindi+Telugu,F_sequential,joint_f1_macro_avg,Overall,0.7467
en_hi_te,English+Hindi+Telugu,F_sequential,classification_macro_f1,English,0.8339
en_hi_te,English+Hindi+Telugu,F_sequential,classification_macro_f1,Hindi,0.6915
en_hi_te,English+Hindi+Telugu,F_sequential,classification_macro_f1,Indonesian,0.8057
en_hi_te,English+Hindi+Telugu,F_sequential,classification_macro_f1,Spanish,0.7336
en_hi_te,English+Hindi+Telugu,F_sequential,classification_macro_f1,Telugu,0.7898
en_hi_te,English+Hindi+Telugu,F_sequential,classification_macro_f1,Overall,0.786
en_hi_te,English+Hindi+Telugu,F_sequential,e2e_span_overlap_f1,English,0.7141
en_hi_te,English+Hindi+Telugu,F_sequential,e2e_span_overlap_f1,Hindi,0.5145
en_hi_te,English+Hindi+Telugu,F_sequential,e2e_span_overlap_f1,Indonesian,0.592
en_hi_te,English+Hindi+Telugu,F_sequential,e2e_span_overlap_f1,Spanish,0.5393
en_hi_te,English+Hindi+Telugu,F_sequential,e2e_span_overlap_f1,Telugu,0.7766
en_hi_te,English+Hindi+Telugu,F_sequential,e2e_span_overlap_f1,Overall,0.6178
en_hi_te,English+Hindi+Telugu,F_sequential,joint_accuracy,Overall,0.6454
en_hi_te,English+Hindi+Telugu,G_bio,joint_f1,English,0.4685
en_hi_te,English+Hindi+Telugu,G_bio,joint_f1,Spanish,0.4573
en_hi_te,English+Hindi+Telugu,G_bio,joint_f1,Hindi,0.4876
en_hi_te,English+Hindi+Telugu,G_bio,joint_f1,Telugu,0.4876
en_hi_te,English+Hindi+Telugu,G_bio,joint_f1,Overall,0.4596
en_hi_te,English+Hindi+Telugu,G_bio,e2e_span_overlap_f1,English,0.7801
en_hi_te,English+Hindi+Telugu,G_bio,e2e_span_overlap_f1,Hindi,0.7441
en_hi_te,English+Hindi+Telugu,G_bio,e2e_span_overlap_f1,Indonesian,0.6461
en_hi_te,English+Hindi+Telugu,G_bio,e2e_span_overlap_f1,Spanish,0.7505
en_hi_te,English+Hindi+Telugu,G_bio,e2e_span_overlap_f1,Telugu,0.2703
en_hi_te,English+Hindi+Telugu,G_bio,e2e_span_overlap_f1,Overall,0.6921
en_hi_te,English+Hindi+Telugu,G_bio,joint_accuracy,Overall,0.2469
es_hi_te,Spanish+Hindi+Telugu,A_pipeline,joint_f1,English,0.7666
es_hi_te,Spanish+Hindi+Telugu,A_pipeline,joint_f1,Spanish,0.7671
es_hi_te,Spanish+Hindi+Telugu,A_pipeline,joint_f1,Hindi,0.687
es_hi_te,Spanish+Hindi+Telugu,A_pipeline,joint_f1,Telugu,0.7575
es_hi_te,Spanish+Hindi+Telugu,A_pipeline,joint_f1,Overall,0.7572
es_hi_te,Spanish+Hindi+Telugu,A_pipeline,joint_f1_macro_avg,Overall,0.7445
es_hi_te,Spanish+Hindi+Telugu,A_pipeline,classification_macro_f1,English,0.7782
es_hi_te,Spanish+Hindi+Telugu,A_pipeline,classification_macro_f1,Hindi,0.7048
es_hi_te,Spanish+Hindi+Telugu,A_pipeline,classification_macro_f1,Indonesian,0.7992
es_hi_te,Spanish+Hindi+Telugu,A_pipeline,classification_macro_f1,Spanish,0.771
es_hi_te,Spanish+Hindi+Telugu,A_pipeline,classification_macro_f1,Telugu,0.7575
es_hi_te,Spanish+Hindi+Telugu,A_pipeline,classification_macro_f1,Overall,0.7779
es_hi_te,Spanish+Hindi+Telugu,A_pipeline,e2e_span_overlap_f1,English,0.7008
es_hi_te,Spanish+Hindi+Telugu,A_pipeline,e2e_span_overlap_f1,Hindi,0.4981
es_hi_te,Spanish+Hindi+Telugu,A_pipeline,e2e_span_overlap_f1,Indonesian,0.6614
es_hi_te,Spanish+Hindi+Telugu,A_pipeline,e2e_span_overlap_f1,Spanish,0.7544
es_hi_te,Spanish+Hindi+Telugu,A_pipeline,e2e_span_overlap_f1,Telugu,0.7482
es_hi_te,Spanish+Hindi+Telugu,A_pipeline,e2e_span_overlap_f1,Overall,0.6921
es_hi_te,Spanish+Hindi+Telugu,A_pipeline,joint_accuracy,Overall,0.613
es_hi_te,Spanish+Hindi+Telugu,E_joint,joint_f1,English,0.7628
es_hi_te,Spanish+Hindi+Telugu,E_joint,joint_f1,Spanish,0.7271
es_hi_te,Spanish+Hindi+Telugu,E_joint,joint_f1,Hindi,0.6771
es_hi_te,Spanish+Hindi+Telugu,E_joint,joint_f1,Telugu,0.7835
es_hi_te,Spanish+Hindi+Telugu,E_joint,joint_f1,Overall,0.7403
es_hi_te,Spanish+Hindi+Telugu,E_joint,joint_f1_macro_avg,Overall,0.7376
es_hi_te,Spanish+Hindi+Telugu,E_joint,classification_macro_f1,English,0.7823
es_hi_te,Spanish+Hindi+Telugu,E_joint,classification_macro_f1,Hindi,0.7097
es_hi_te,Spanish+Hindi+Telugu,E_joint,classification_macro_f1,Indonesian,0.7809
es_hi_te,Spanish+Hindi+Telugu,E_joint,classification_macro_f1,Spanish,0.7537
es_hi_te,Spanish+Hindi+Telugu,E_joint,classification_macro_f1,Telugu,0.7835
es_hi_te,Spanish+Hindi+Telugu,E_joint,classification_macro_f1,Overall,0.7699
es_hi_te,Spanish+Hindi+Telugu,E_joint,e2e_span_overlap_f1,English,0.6847
es_hi_te,Spanish+Hindi+Telugu,E_joint,e2e_span_overlap_f1,Hindi,0.5981
es_hi_te,Spanish+Hindi+Telugu,E_joint,e2e_span_overlap_f1,Indonesian,0.6576
es_hi_te,Spanish+Hindi+Telugu,E_joint,e2e_span_overlap_f1,Spanish,0.7512
es_hi_te,Spanish+Hindi+Telugu,E_joint,e2e_span_overlap_f1,Telugu,0.897
es_hi_te,Spanish+Hindi+Telugu,E_joint,e2e_span_overlap_f1,Overall,0.702
es_hi_te,Spanish+Hindi+Telugu,E_joint,joint_accuracy,Overall,0.613
es_hi_te,Spanish+Hindi+Telugu,F_sequential,joint_f1,English,0.7663
es_hi_te,Spanish+Hindi+Telugu,F_sequential,joint_f1,Spanish,0.7402
es_hi_te,Spanish+Hindi+Telugu,F_sequential,joint_f1,Hindi,0.6744
es_hi_te,Spanish+Hindi+Telugu,F_sequential,joint_f1,Telugu,0.8046
es_hi_te,Spanish+Hindi+Telugu,F_sequential,joint_f1,Overall,0.7489
es_hi_te,Spanish+Hindi+Telugu,F_sequential,joint_f1_macro_avg,Overall,0.7464
es_hi_te,Spanish+Hindi+Telugu,F_sequential,classification_macro_f1,English,0.7784
es_hi_te,Spanish+Hindi+Telugu,F_sequential,classification_macro_f1,Hindi,0.7085
es_hi_te,Spanish+Hindi+Telugu,F_sequential,classification_macro_f1,Indonesian,0.7904
es_hi_te,Spanish+Hindi+Telugu,F_sequential,classification_macro_f1,Spanish,0.7519
es_hi_te,Spanish+Hindi+Telugu,F_sequential,classification_macro_f1,Telugu,0.8046
es_hi_te,Spanish+Hindi+Telugu,F_sequential,classification_macro_f1,Overall,0.773
es_hi_te,Spanish+Hindi+Telugu,F_sequential,e2e_span_overlap_f1,English,0.6141
es_hi_te,Spanish+Hindi+Telugu,F_sequential,e2e_span_overlap_f1,Hindi,0.5348
es_hi_te,Spanish+Hindi+Telugu,F_sequential,e2e_span_overlap_f1,Indonesian,0.6524
es_hi_te,Spanish+Hindi+Telugu,F_sequential,e2e_span_overlap_f1,Spanish,0.6816
es_hi_te,Spanish+Hindi+Telugu,F_sequential,e2e_span_overlap_f1,Telugu,0.8563
es_hi_te,Spanish+Hindi+Telugu,F_sequential,e2e_span_overlap_f1,Overall,0.6556
es_hi_te,Spanish+Hindi+Telugu,F_sequential,joint_accuracy,Overall,0.6182
es_hi_te,Spanish+Hindi+Telugu,G_bio,joint_f1,English,0.4571
es_hi_te,Spanish+Hindi+Telugu,G_bio,joint_f1,Spanish,0.4686
es_hi_te,Spanish+Hindi+Telugu,G_bio,joint_f1,Hindi,0.479
es_hi_te,Spanish+Hindi+Telugu,G_bio,joint_f1,Telugu,0.4876
es_hi_te,Spanish+Hindi+Telugu,G_bio,joint_f1,Overall,0.4599
es_hi_te,Spanish+Hindi+Telugu,G_bio,e2e_span_overlap_f1,English,0.7245
es_hi_te,Spanish+Hindi+Telugu,G_bio,e2e_span_overlap_f1,Hindi,0.7456
es_hi_te,Spanish+Hindi+Telugu,G_bio,e2e_span_overlap_f1,Indonesian,0.6529
es_hi_te,Spanish+Hindi+Telugu,G_bio,e2e_span_overlap_f1,Spanish,0.7775
es_hi_te,Spanish+Hindi+Telugu,G_bio,e2e_span_overlap_f1,Telugu,0.3525
es_hi_te,Spanish+Hindi+Telugu,G_bio,e2e_span_overlap_f1,Overall,0.6921
es_hi_te,Spanish+Hindi+Telugu,G_bio,joint_accuracy,Overall,0.2573
en_es_hi_te,English+Spanish+Hindi+Telugu,A_pipeline,joint_f1,English,0.8023
en_es_hi_te,English+Spanish+Hindi+Telugu,A_pipeline,joint_f1,Spanish,0.7309
en_es_hi_te,English+Spanish+Hindi+Telugu,A_pipeline,joint_f1,Hindi,0.687
en_es_hi_te,English+Spanish+Hindi+Telugu,A_pipeline,joint_f1,Telugu,0.774
en_es_hi_te,English+Spanish+Hindi+Telugu,A_pipeline,joint_f1,Overall,0.7631
en_es_hi_te,English+Spanish+Hindi+Telugu,A_pipeline,joint_f1_macro_avg,Overall,0.7486
en_es_hi_te,English+Spanish+Hindi+Telugu,A_pipeline,classification_macro_f1,English,0.8063
en_es_hi_te,English+Spanish+Hindi+Telugu,A_pipeline,classification_macro_f1,Hindi,0.687
en_es_hi_te,English+Spanish+Hindi+Telugu,A_pipeline,classification_macro_f1,Indonesian,0.8092
en_es_hi_te,English+Spanish+Hindi+Telugu,A_pipeline,classification_macro_f1,Spanish,0.7432
en_es_hi_te,English+Spanish+Hindi+Telugu,A_pipeline,classification_macro_f1,Telugu,0.7898
en_es_hi_te,English+Spanish+Hindi+Telugu,A_pipeline,classification_macro_f1,Overall,0.7823
en_es_hi_te,English+Spanish+Hindi+Telugu,A_pipeline,e2e_span_overlap_f1,English,0.7222
en_es_hi_te,English+Spanish+Hindi+Telugu,A_pipeline,e2e_span_overlap_f1,Hindi,0.519
en_es_hi_te,English+Spanish+Hindi+Telugu,A_pipeline,e2e_span_overlap_f1,Indonesian,0.6489
en_es_hi_te,English+Spanish+Hindi+Telugu,A_pipeline,e2e_span_overlap_f1,Spanish,0.6117
en_es_hi_te,English+Spanish+Hindi+Telugu,A_pipeline,e2e_span_overlap_f1,Telugu,0.7552
en_es_hi_te,English+Spanish+Hindi+Telugu,A_pipeline,e2e_span_overlap_f1,Overall,0.6571
en_es_hi_te,English+Spanish+Hindi+Telugu,A_pipeline,joint_accuracy,Overall,0.6464
en_es_hi_te,English+Spanish+Hindi+Telugu,E_joint,joint_f1,English,0.7745
en_es_hi_te,English+Spanish+Hindi+Telugu,E_joint,joint_f1,Spanish,0.752
en_es_hi_te,English+Spanish+Hindi+Telugu,E_joint,joint_f1,Hindi,0.6357
en_es_hi_te,English+Spanish+Hindi+Telugu,E_joint,joint_f1,Telugu,0.7903
en_es_hi_te,English+Spanish+Hindi+Telugu,E_joint,joint_f1,Overall,0.759
en_es_hi_te,English+Spanish+Hindi+Telugu,E_joint,joint_f1_macro_avg,Overall,0.7381
en_es_hi_te,English+Spanish+Hindi+Telugu,E_joint,classification_macro_f1,English,0.7825
en_es_hi_te,English+Spanish+Hindi+Telugu,E_joint,classification_macro_f1,Hindi,0.654
en_es_hi_te,English+Spanish+Hindi+Telugu,E_joint,classification_macro_f1,Indonesian,0.7968
en_es_hi_te,English+Spanish+Hindi+Telugu,E_joint,classification_macro_f1,Spanish,0.7677
en_es_hi_te,English+Spanish+Hindi+Telugu,E_joint,classification_macro_f1,Telugu,0.7903
en_es_hi_te,English+Spanish+Hindi+Telugu,E_joint,classification_macro_f1,Overall,0.776
en_es_hi_te,English+Spanish+Hindi+Telugu,E_joint,e2e_span_overlap_f1,English,0.6744
en_es_hi_te,English+Spanish+Hindi+Telugu,E_joint,e2e_span_overlap_f1,Hindi,0.4476
en_es_hi_te,English+Spanish+Hindi+Telugu,E_joint,e2e_span_overlap_f1,Indonesian,0.6319
en_es_hi_te,English+Spanish+Hindi+Telugu,E_joint,e2e_span_overlap_f1,Spanish,0.7047
en_es_hi_te,English+Spanish+Hindi+Telugu,E_joint,e2e_span_overlap_f1,Telugu,0.719
en_es_hi_te,English+Spanish+Hindi+Telugu,E_joint,e2e_span_overlap_f1,Overall,0.6566
en_es_hi_te,English+Spanish+Hindi+Telugu,E_joint,joint_accuracy,Overall,0.6475
en_es_hi_te,English+Spanish+Hindi+Telugu,F_sequential,joint_f1,English,0.7819
en_es_hi_te,English+Spanish+Hindi+Telugu,F_sequential,joint_f1,Spanish,0.7636
en_es_hi_te,English+Spanish+Hindi+Telugu,F_sequential,joint_f1,Hindi,0.6418
en_es_hi_te,English+Spanish+Hindi+Telugu,F_sequential,joint_f1,Telugu,0.7889
en_es_hi_te,English+Spanish+Hindi+Telugu,F_sequential,joint_f1,Overall,0.753
en_es_hi_te,English+Spanish+Hindi+Telugu,F_sequential,joint_f1_macro_avg,Overall,0.744
en_es_hi_te,English+Spanish+Hindi+Telugu,F_sequential,classification_macro_f1,English,0.79
en_es_hi_te,English+Spanish+Hindi+Telugu,F_sequential,classification_macro_f1,Hindi,0.6591
en_es_hi_te,English+Spanish+Hindi+Telugu,F_sequential,classification_macro_f1,Indonesian,0.7752
en_es_hi_te,English+Spanish+Hindi+Telugu,F_sequential,classification_macro_f1,Spanish,0.7756
en_es_hi_te,English+Spanish+Hindi+Telugu,F_sequential,classification_macro_f1,Telugu,0.8046
en_es_hi_te,English+Spanish+Hindi+Telugu,F_sequential,classification_macro_f1,Overall,0.7741
en_es_hi_te,English+Spanish+Hindi+Telugu,F_sequential,e2e_span_overlap_f1,English,0.6709
en_es_hi_te,English+Spanish+Hindi+Telugu,F_sequential,e2e_span_overlap_f1,Hindi,0.4929
en_es_hi_te,English+Spanish+Hindi+Telugu,F_sequential,e2e_span_overlap_f1,Indonesian,0.6563
en_es_hi_te,English+Spanish+Hindi+Telugu,F_sequential,e2e_span_overlap_f1,Spanish,0.6776
en_es_hi_te,English+Spanish+Hindi+Telugu,F_sequential,e2e_span_overlap_f1,Telugu,0.8221
en_es_hi_te,English+Spanish+Hindi+Telugu,F_sequential,e2e_span_overlap_f1,Overall,0.6661
en_es_hi_te,English+Spanish+Hindi+Telugu,F_sequential,joint_accuracy,Overall,0.6381
en_es_hi_te,English+Spanish+Hindi+Telugu,G_bio,joint_f1,English,0.4628
en_es_hi_te,English+Spanish+Hindi+Telugu,G_bio,joint_f1,Spanish,0.4708
en_es_hi_te,English+Spanish+Hindi+Telugu,G_bio,joint_f1,Hindi,0.4876
en_es_hi_te,English+Spanish+Hindi+Telugu,G_bio,joint_f1,Telugu,0.479
en_es_hi_te,English+Spanish+Hindi+Telugu,G_bio,joint_f1,Overall,0.4647
en_es_hi_te,English+Spanish+Hindi+Telugu,G_bio,e2e_span_overlap_f1,English,0.7521
en_es_hi_te,English+Spanish+Hindi+Telugu,G_bio,e2e_span_overlap_f1,Hindi,0.7308
en_es_hi_te,English+Spanish+Hindi+Telugu,G_bio,e2e_span_overlap_f1,Indonesian,0.6464
en_es_hi_te,English+Spanish+Hindi+Telugu,G_bio,e2e_span_overlap_f1,Spanish,0.7835
en_es_hi_te,English+Spanish+Hindi+Telugu,G_bio,e2e_span_overlap_f1,Telugu,0.3045
en_es_hi_te,English+Spanish+Hindi+Telugu,G_bio,e2e_span_overlap_f1,Overall,0.6949
en_es_hi_te,English+Spanish+Hindi+Telugu,G_bio,joint_accuracy,Overall,0.2521
